Reg No.,Name,Score,Low Level Score,Medium Level Score,High Level Score,Unknown Level Score,Feedback,Badge,Streak,Previous Score,Improvement
REG202505,Chitra Nair,15,5,5,5,0,✅ Excellent at Low-level questions. | ✅ Excellent at Medium-level questions. | ✅ Excellent at High-level questions.,🏆 Python Pro,15,3,📈 Improved
REG202510,Rakesh Pillai,14,4,5,5,0,✅ Excellent at Low-level questions. | ✅ Excellent at Medium-level questions. | ✅ Excellent at High-level questions.,🌟 Python Enthusiast,12,10,📈 Improved
REG202551,Lekha Sankar,15,5,5,5,0,✅ Excellent at Low-level questions. | ✅ Excellent at Medium-level questions. | ✅ Excellent at High-level questions.,🏆 Python Pro,15,0,First Attempt
REG202545,Divya Madhavan,15,5,5,5,0,✅ Excellent at Low-level questions. | ✅ Excellent at Medium-level questions. | ✅ Excellent at High-level questions.,🏆 Python Pro,15,5,📈 Improved
REG202504,Reshma Kurup,6,4,2,0,0,✅ Excellent at Low-level questions. | ❗ Weak at Medium-level questions. Needs practice.,🌟 Python Enthusiast,0,0,First Attempt
REG202503,Indu Govindan,15,5,5,5,0,✅ Excellent at Low-level questions. | ✅ Excellent at Medium-level questions. | ✅ Excellent at High-level questions.,🏆 Python Pro,15,15,No Change
REG202512,Anju Chandran,11,4,4,3,0,✅ Excellent at Low-level questions. | ✅ Excellent at Medium-level questions. | 📘 Good at High-level questions but needs improvement.,🌟 Python Enthusiast,1,5,📈 Improved
REG202564,Midhun Balachandran,15,5,5,5,0,✅ Excellent at Low-level questions. | ✅ Excellent at Medium-level questions. | ✅ Excellent at High-level questions.,🏆 Python Pro,15,12,📈 Improved
REG202501,Priya Nair,10,3,4,3,0,📘 Good at Low-level questions but needs improvement. | ✅ Excellent at Medium-level questions. | 📘 Good at High-level questions but needs improvement.,🌟 Python Enthusiast,0,0,First Attempt
